{"cameraMode":{"drawMode":0,"name":"Shaded","section":"Shading Mode"},"sceneLighting":false,"audioPlay":false,"sceneViewState":{"m_AlwaysRefresh":false,"showFog":true,"showSkybox":false,"showFlares":true,"showImageEffects":true,"showParticleSystems":true,"showVisualEffectGraphs":true,"m_FxEnabled":true},"in2DMode":false,"pivot":{"x":-7.0926666259765629,"y":-0.7188880443572998,"z":-0.29977092146873476},"rotation":{"x":-0.05424850434064865,"y":-0.035657308995723727,"z":0.0019394648261368275,"w":-0.9978908896446228},"size":1.8957185745239258,"orthographic":false}