{"cameraMode":{"drawMode":0,"name":"Shaded","section":"Shading Mode"},"sceneLighting":false,"audioPlay":false,"sceneViewState":{"m_AlwaysRefresh":false,"showFog":true,"showSkybox":false,"showFlares":true,"showImageEffects":true,"showParticleSystems":true,"showVisualEffectGraphs":true,"m_FxEnabled":true},"in2DMode":false,"pivot":{"x":-426.80902099609377,"y":-160.03553771972657,"z":-52.85931396484375},"rotation":{"x":-0.007809071335941553,"y":0.010781706310808659,"z":-0.00008309725672006607,"w":-0.9999139308929443},"size":6.266026496887207,"orthographic":false}